[
        {"url":"https://i.pinimg.com/originals/f8/9f/b5/f89fb51cbd1f75c783b6cbcc8dc59b48.jpg"},
        {"url":"https://i.pinimg.com/originals/8f/b3/e3/8fb3e3fb87f85793607b5426ede68cc9.jpg"},
        {"url":"https://i.pinimg.com/736x/3b/bc/96/3bbc96f8cfd3156300ee5955edbbf637.jpg"},
        {"url":"https://i.pinimg.com/originals/1d/cf/11/1dcf1178093cf9baef6bf19523994bcc.jpg"},
        {"url":"https://i.pinimg.com/736x/42/2c/d6/422cd6c374b4334615c0d53d1809191d.jpg"},
        {"url":"https://i.ytimg.com/vi/McauI7Mi8zo/maxresdefault.jpg"},
        {"url":"https://i.pinimg.com/originals/5a/d2/89/5ad2898cc600ed788b0fa606649961aa.gif"},
        {"url":"https://i.pinimg.com/originals/5a/0d/79/5a0d79c79efc06108a1be65c63089880.jpg"},
        {"url":"https://i.pinimg.com/736x/81/9b/5c/819b5cd6d61a3af7d5a8bf45c304b7eb.jpg"},
        {"url":"https://i.pinimg.com/originals/56/fe/65/56fe65eedaa179a488aedf4bf132dbc3.jpg"},
        {"url":"https://i.pinimg.com/originals/1e/66/cc/1e66ccb9d56af085be417da924e57df2.jpg"},
        {"url":"https://i.pinimg.com/originals/c1/73/f1/c173f1b919d343a5c3f250413a75ddbd.jpg"},
        {"url":"https://i.pinimg.com/236x/f4/03/07/f40307b2bc7d13cf675ff2992b61801d.jpg"},
        {"url":"https://i.pinimg.com/474x/86/3a/28/863a28e1d3fee07904858f749ed26214.jpg"},
        {"url":"https://i.pinimg.com/736x/60/ba/5f/60ba5f21d27c83e771cb8a69b6edc16a.jpg"},
        {"url":"https://i.pinimg.com/236x/f8/e2/f4/f8e2f4ad0ff87db8307ad5e022885f2c--hoodies-sheep.jpg"},
        {"url":"https://i.pinimg.com/originals/c9/d5/da/c9d5dadef95aaf37764e2af90d13ece7.jpg"},
        {"url":"https://i.pinimg.com/originals/0d/10/81/0d10816b51de4ee52e4eaa2846e071f9.jpg"},
        {"url":"https://i.pinimg.com/originals/77/c0/91/77c0919f713aff86081ba0b62341ab8d.png"},
        {"url":"https://i.pinimg.com/originals/c8/32/ca/c832ca9967001a6a546aea3266619aa9.jpg"},
        {"url":"https://i.pinimg.com/564x/3d/c8/d9/3dc8d9007c6260ca4303da3280179ba9.jpg"},
        {"url":"https://i.pinimg.com/736x/bb/60/8b/bb608bead70b644bb9a96a2d6e7bfce1.jpg"},
        {"url":"https://i.pinimg.com/originals/d3/3d/b1/d33db1850fc47f8219fa694b3b98fd0a.png"},
        {"url":"https://i.pinimg.com/originals/8b/d3/b9/8bd3b90431061fdd82db8bbc6afdff7a.jpg"},
        {"url":"https://i.pinimg.com/474x/e3/4d/2c/e34d2c6bdfb5a70c78443247ba1f8795.jpg"},
        {"url":"https://i.pinimg.com/originals/69/4e/99/694e993a61a836b6beeb7eba23cb3aa6.jpg"},
        {"url":"https://i.pinimg.com/originals/ad/de/12/adde12412f5e3504b0ff3277f76ab95a.png"},
        {"url":"https://i.pinimg.com/originals/2d/d9/01/2dd9016f7cf71143c49ee945b400ec56.jpg"},
        {"url":"https://i.pinimg.com/736x/6b/d4/e1/6bd4e19ee9847065425ab114e6b1b71f.jpg"},
        {"url":"https://i.pinimg.com/474x/f4/8d/fa/f48dfaa0a41f07354196a0b401f5b6cb.jpg"},
        {"url":"https://i.pinimg.com/originals/cc/98/29/cc9829e2dc720525084da4beca42b251.png"},
        {"url":"https://i.pinimg.com/564x/24/31/d0/2431d0890017c864ce77bf421f4d9900.jpg"},
        {"url":"https://i.pinimg.com/564x/8d/88/7d/8d887d2a6cfd7860565258ed4df67858.jpg"},
        {"url":"https://i.pinimg.com/736x/46/5d/4f/465d4f3b9b0c30591fc12b5e53888079.jpg"},
        {"url":"https://i.pinimg.com/564x/b1/6f/0e/b16f0ea8ef0f90029ef2fc0c252ee0b5.jpg"},
        {"url":"https://i.pinimg.com/originals/ae/05/e5/ae05e535c63bc274ba641121176dc724.jpg"},
        {"url":"https://i.pinimg.com/originals/7f/68/67/7f686719f45f8c7e1124caa7088e9b33.jpg"},
        {"url":"https://i.pinimg.com/originals/8a/eb/df/8aebdf7adde385b4695efb8e107f44f9.jpg"},
        {"url":"https://i.pinimg.com/originals/ee/f4/86/eef48691c892a7add64801f0f6e03ad2.jpg"},
        {"url":"https://i.pinimg.com/236x/5b/a3/75/5ba375a5fe93daceb17b58dcf4b42abc.jpg"},
        {"url":"https://i.pinimg.com/236x/b3/4c/bf/b34cbfabb0c71732ea5d66041ac17146.jpg"},
        {"url":"https://i.pinimg.com/originals/65/6e/0e/656e0e5ba7b7b958c30967fd17fe5507.jpg"},
        {"url":"https://i.pinimg.com/736x/24/09/d4/2409d4882acdb1fc81bc5ce10b806a6d.jpg"},
        {"url":"https://i.pinimg.com/originals/ae/5a/b6/ae5ab60ee13d2aefe535e55c52d798de.jpg"},
        {"url":"https://i.pinimg.com/originals/ef/41/b3/ef41b321d53deca2a631f494a51e7d54.jpg"},
        {"url":"https://i.pinimg.com/474x/3e/82/56/3e82560fa147f12dc66b9f08c0dded32.jpg"},
        {"url":"https://i.pinimg.com/236x/22/05/75/220575141d16fb8df1ec3297e8e2ec21.jpg"},
        {"url":"https://i.pinimg.com/564x/5c/22/7e/5c227ee65a77c77f13715a2881b2d23f.jpg"},
        {"url":"https://i.pinimg.com/originals/cb/10/0e/cb100e77c43c0373873353720f16f1a9.jpg"},
        {"url":"https://i.pinimg.com/originals/8e/3e/0c/8e3e0c2acb895af0434263d1f4d82365.jpg"},
        {"url":"https://i.pinimg.com/originals/dc/4a/0b/dc4a0bb3fc9bf45de445282be6058ff1.jpg"},
        {"url":"https://i.pinimg.com/originals/f6/ac/c4/f6acc4fda50d85d5cd01cb2fc3086e0b.jpg"},
        {"url":"https://i.pinimg.com/originals/81/07/44/810744c856d011bcc73157426f321b14.jpg"},
        {"url":"https://i.pinimg.com/originals/73/97/2d/73972dd671a9992741c268bd5e3b25f9.png"},
        {"url":"https://i.pinimg.com/736x/d9/39/39/d93939244118c40422a07b94c2bcb92d.jpg"},
        {"url":"https://i.pinimg.com/originals/6e/33/4d/6e334d9d1b442d54424b1a01bd470319.jpg"},
        {"url":"https://i.pinimg.com/474x/18/bc/46/18bc46d35d9a157d104a159000852b87.jpg"},
        {"url":"https://i.pinimg.com/originals/8d/52/bf/8d52bff8c49947e02d21204d00cdafd4.jpg"},
        {"url":"https://i.pinimg.com/originals/47/18/a6/4718a6c0863a49e3977b566f9f455b2b.png"},
        {"url":"https://i.pinimg.com/originals/bb/ff/56/bbff56e97b22af6a2764a860e2d1661e.jpg"},
        {"url":"https://i.pinimg.com/originals/16/46/a6/1646a6400fa06b48d42fc29e0e1c72d8.jpg"},
        {"url":"https://i.pinimg.com/474x/d1/e9/ed/d1e9ed719b4ec43f3630da0f761b1ebd.jpg"},
        {"url":"https://i.pinimg.com/originals/65/9e/0c/659e0cec736db0e036545d3718e70323.png"},
        {"url":"https://i.pinimg.com/originals/2c/2d/35/2c2d356b67110c1ad90a20c73482a61e.png"},
        {"url":"https://i.pinimg.com/236x/7c/4c/fc/7c4cfc6dc5254cfff02c831e77518ab8.jpg"},
        {"url":"https://i.pinimg.com/564x/38/ba/fd/38bafd983457c92abeeeb6292725a225.jpg"},
        {"url":"https://i.pinimg.com/originals/d0/0a/81/d00a819288320d9275982487bc41dca0.png"},
        {"url":"https://i.pinimg.com/474x/1a/64/dc/1a64dc63d6b1ecbbbbb72904f822c8c0.jpg"},
        {"url":"https://i.pinimg.com/originals/3d/4e/10/3d4e105d03afae02c764792693c5a584.jpg"},
        {"url":"https://i.pinimg.com/originals/a3/17/06/a3170675baad559fd2969ea92e3a86c5.png"},
        {"url":"https://i.pinimg.com/736x/78/1b/dc/781bdcf565712ca5d21205ae1934a780.jpg"},
        {"url":"https://i.pinimg.com/originals/75/22/82/752282d6dfa12981cf2c06719e05e751.png"},
        {"url":"https://i.pinimg.com/originals/8e/81/10/8e811080efc3d9025fcb06ca2b909903.png"},
        {"url":"https://i.pinimg.com/474x/ba/59/fd/ba59fd87f634978cc76ad096abd0600d.jpg"},
        {"url":"https://i.pinimg.com/originals/98/62/b8/9862b893c23fb98231818dc12280b52f.jpg"},
        {"url":"https://i.pinimg.com/474x/33/7a/d4/337ad4b29b111de17d37485360dea807.jpg"},
        {"url":"https://i.pinimg.com/originals/91/f6/aa/91f6aa26adf7ddd2ea3bdebb1ebba553.jpg"},
        {"url":"https://i.pinimg.com/originals/15/19/95/15199572cf0639288f135adab038a523.gif"},
        {"url":"https://i.pinimg.com/474x/2e/f3/e5/2ef3e528704135762f550b21c2f6f54d.jpg"},
        {"url":"https://i.pinimg.com/originals/56/a9/0a/56a90a96c4e43db4cda577578c51f248.jpg"},
        {"url":"https://i.pinimg.com/736x/f0/25/04/f02504d8ef9616b1ce939870679a6cd6.jpg"},
        {"url":"https://i.pinimg.com/originals/49/e6/da/49e6da11a5568c9093bb4e6b7c373119.jpg"},
        {"url":"https://i.pinimg.com/736x/bd/ad/8c/bdad8cfc5d0106b7622aa3aaa5d7055e.jpg"},
        {"url":"https://i.pinimg.com/564x/a0/7f/7f/a07f7f32ead44935d18e9eaa00748662.jpg"},
        {"url":"https://i.pinimg.com/564x/51/c5/86/51c5866db144f8c8558e5527baa30041.jpg"},
        {"url":"https://i.pinimg.com/474x/c2/be/61/c2be619b1659830f06e401bb560e97c4.jpg"},
        {"url":"https://i.pinimg.com/236x/80/07/9c/80079ca6c676960540864f764c8012bf.jpg"},
        {"url":"https://i.pinimg.com/originals/28/33/f2/2833f2e7dd389d3eab46c5267d01dfd4.jpg"},
        {"url":"https://i.pinimg.com/736x/6a/c8/2c/6ac82c96660e22a2d5984e36717ff348.jpg"},
        {"url":"https://i.pinimg.com/736x/f2/4f/2d/f24f2d097d027527726e410a4814ca70.jpg"},
        {"url":"https://i.pinimg.com/236x/b7/85/92/b78592134e038195701d3f7623ff2871.jpg"},
        {"url":"https://i.pinimg.com/736x/55/f1/43/55f1436775327b703504451f3b394d0b.jpg"},
        {"url":"https://i.pinimg.com/originals/78/6d/af/786daff6b289898cd2c01c6803314c55.jpg"},
        {"url":"https://i.pinimg.com/originals/71/16/f4/7116f4b409402211e4776794d9c4b5b9.jpg"},
        {"url":"https://i.pinimg.com/originals/20/a1/7c/20a17c4ae0abe9413b531825d51fc56b.png"},
        {"url":"https://i.pinimg.com/736x/d7/fc/6f/d7fc6f8e92ee99d436ca0da5cb2055fe.jpg"},
        {"url":"https://i.pinimg.com/originals/54/9b/2d/549b2d30c812b03a900691adae6a3927.jpg"},
        {"url":"https://i.pinimg.com/736x/76/16/0d/76160dd238d50ccb8d3ef7d8e0ce620c.jpg"},
        {"url":"https://i.pinimg.com/474x/54/29/f8/5429f8f2c398ed2d0c20170e085baaf8.jpg"},
        {"url":"https://i.pinimg.com/474x/c8/76/90/c87690f6f016a4ee790b2dc14cf79e44.jpg"}
    ]
